{
  "categories": [
    {
      "id": 0,
      "name": "0_romaine_lettuce"
    },
    {
      "id": 1,
      "name": "1_red_leaf_lettuce"
    },
    {
      "id": 2,
      "name": "2_green_leaf_lettuce"
    },
    {
      "id": 3,
      "name": "3_iceberg_lettuce"
    },
    {
      "id": 4,
      "name": "4_kale"
    },
    {
      "id": 5,
      "name": "5_red_dandelion"
    },
    {
      "id": 6,
      "name": "6_common_chicory"
    },
    {
      "id": 7,
      "name": "7_cabbage"
    },
    {
      "id": 8,
      "name": "8_parsley"
    },
    {
      "id": 9,
      "name": "9_chive"
    }
  ],
  "info": {
    "year": 2023,
    "version": "1.0",
    "contributor": "Label Studio"
  }
}